Artist	Popularity	Year
KAROL G	98.0	2019.0
The Weeknd	96.75	2019.0
The Black Eyed Peas	96.0	2019.0
Regard	94.0	2019.0
Travis Scott	94.0	2019.0
blackbear	94.0	2019.0
Anuel AA	93.0	2019.0
Juice WRLD	92.0	2019.0
Rauw Alejandro	92.0	2019.0
Billie Eilish	91.6	2019.0
Trevor Daniel	97.0	2018.0
Halsey	88.0	2018.0
Travis Scott	87.0	2018.0
Kina	86.0	2018.0
Doja Cat	85.0	2018.0
Meek Mill	85.0	2018.0
Drake	84.5	2018.0
Camila Cabello	84.0	2018.0
Cardi B	84.0	2018.0
Dynoro	84.0	2018.0
Ed Sheeran	84.5	2017.0
Lil Uzi Vert	84.0	2017.0
Lauv	83.0	2017.0
Frank Ocean	82.0	2017.0
Future	81.0	2017.0
Marshmello	81.0	2017.0
ZAYN	81.0	2017.0
Demi Lovato	80.0	2017.0
Hailee Steinfeld	79.33333333333333	2017.0
Daniel Caesar	79.0	2017.0
Travis Scott	86.0	2016.0
Post Malone	84.0	2016.0
James Arthur	82.0	2016.0
Hippie Sabotage	81.0	2016.0
Twenty One Pilots	81.0	2016.0
Bruno Mars	80.66666666666667	2016.0
DNCE	80.0	2016.0
Ariana Grande	79.0	2016.0
Calvin Harris	78.14285714285714	2016.0
The Chainsmokers	77.18181818181819	2016.0
Aaron Smith	84.0	2014.0
Ed Sheeran	84.0	2014.0
J. Cole	82.0	2014.0
A Great Big World	78.0	2014.0
Vance Joy	78.0	2014.0
George Ezra	76.0	2014.0
Mr. Probz	76.0	2014.0
Rixton	76.0	2014.0
Pitbull	73.0	2014.0
Sia	72.6	2014.0
P!nk	80.0	2012.0
The Script	78.0	2012.0
Bruno Mars	77.0	2012.0
MKTO	77.0	2012.0
Pitbull	76.0	2012.0
Alicia Keys	75.0	2012.0
Tame Impala	75.0	2012.0
One Direction	74.25	2012.0
fun.	73.33333333333333	2012.0
Flo Rida	72.33333333333333	2012.0
Mark Ronson	82.0	2015.0
Justin Bieber	80.25	2015.0
Wiz Khalifa	80.0	2015.0
Twenty One Pilots	79.5	2015.0
Calvin Harris	77.0	2015.0
G-Eazy	77.0	2015.0
Petit Biscuit	77.0	2015.0
Shawn Mendes	77.0	2015.0
Little Mix	76.5	2015.0
Jason Derulo	76.0	2015.0
John Legend	85.0	2013.0
The Neighbourhood	81.0	2013.0
One Direction	77.33333333333333	2013.0
Justin Timberlake	77.0	2013.0
Miley Cyrus	76.66666666666667	2013.0
James Arthur	76.0	2013.0
Idina Menzel	75.0	2013.0
Daft Punk	73.85714285714286	2013.0
John Newman	72.0	2013.0
Belinda Carlisle	70.0	2013.0
Justin Bieber	84.0	2011.0
Foster The People	83.0	2011.0
Christina Perri	79.0	2011.0
Pitbull	79.0	2011.0
Grouplove	78.0	2011.0
Coldplay	77.0	2011.0
Gotye	77.0	2011.0
Adele	76.8	2011.0
Beyoncé	75.0	2011.0
Selena Gomez & The Scene	74.5	2011.0
Train	82.0	2010.0
Usher	78.0	2010.0
Justin Bieber	76.0	2010.0
P!nk	76.0	2010.0
Don Omar	75.0	2010.0
Gorillaz	75.0	2010.0
Taio Cruz	74.0	2010.0
Maroon 5	73.0	2010.0
Drake	72.0	2010.0
Flo Rida	72.0	2010.0
Flo Rida	79.0	2008.0
Coldplay	78.0	2008.0
The Offspring	77.0	2008.0
Jason Mraz	76.5	2008.0
Kings of Leon	75.0	2008.0
Spandau Ballet	72.0	2008.0
Beyoncé	71.5	2008.0
Joy Division	71.0	2008.0
David Archuleta	70.0	2008.0
The Pussycat Dolls	70.0	2008.0
Justin Bieber	95.0	2020.0
Halsey	86.0	2020.0
Selena Gomez	84.4	2020.0
J Balvin	82.0	2020.0
Eminem	79.0	2020.0
Hailee Steinfeld	79.0	2020.0
Robin Schulz	74.0	2020.0
Jonas Brothers	73.0	2020.0
ATEEZ	72.0	2020.0
Conan Gray	72.0	2020.0
Leona Lewis	77.0	2007.0
Sean Kingston	77.0	2007.0
MGMT	76.66666666666667	2007.0
Fall Out Boy	76.0	2007.0
Avril Lavigne	72.0	2007.0
Beyoncé	72.0	2007.0
Colbie Caillat	71.0	2007.0
M.I.A.	71.0	2007.0
Paramore	71.0	2007.0
Arctic Monkeys	66.0	2007.0
Cher	76.0	1998.0
Pet Shop Boys	70.0	1998.0
Barenaked Ladies	69.0	1998.0
Eiffel 65	64.0	1998.0
Sentidos Opuestos	60.0	1998.0
Vengaboys	56.5	1998.0
Duran Duran	54.0	1998.0
George Michael	31.0	1998.0
JEANS	17.0	1998.0
Orchestral Manoeuvres In The Dark	12.5	1998.0
Spice Girls	79.0	1996.0
Men At Work	73.0	1996.0
Kabah	68.0	1996.0
Robert Miles	67.0	1996.0
Fey	61.0	1996.0
Paradisio	59.0	1996.0
Van Halen	56.0	1996.0
Amber	52.0	1996.0
JEANS	52.0	1996.0
Azul Violeta	50.0	1996.0
Smash Mouth	79.0	1999.0
Bonnie Tyler	74.0	1999.0
Christina Aguilera	71.0	1999.0
DJ Jean	53.0	1999.0
Britney Spears	50.666666666666664	1999.0
Mœnia	46.0	1999.0
Alice DJ	45.0	1999.0
Eiffel 65	16.0	1999.0
blink-182	15.0	1999.0
Bloodhound Gang	11.0	1999.0
Owl City	78.0	2009.0
Jay Sean	76.0	2009.0
Green Day	75.0	2009.0
Miley Cyrus	75.0	2009.0
The Fray	74.0	2009.0
OneRepublic	73.0	2009.0
Iyaz	72.0	2009.0
Madonna	71.0	2009.0
Sean Kingston	69.0	2009.0
Yeah Yeah Yeahs	66.0	2009.0
Ace of Base	68.0	1993.0
Cutting Crew	68.0	1993.0
Captain Hollywood Project	60.0	1993.0
Haddaway	57.0	1993.0
Culture Beat	51.0	1993.0
Coolio	80.0	1995.0
Alanis Morissette	70.0	1995.0
Dune	57.0	1995.0
The Bucketheads	50.0	1995.0
Whigfield	50.0	1995.0
Me & My	49.0	1995.0
Real McCoy	45.0	1995.0
Laura Branigan	40.0	1995.0
Scatman John	32.0	1995.0
Radiohead	3.0	1995.0
R.E.M.	81.0	1991.0
Alphaville	57.0	1991.0
Wolfsheim	46.0	1991.0
SNAP!	12.0	1991.0
And One	0.0	1991.0
Deine Lakaien	0.0	1991.0
Erasure	0.0	1991.0
Coldplay	81.0	2000.0
Britney Spears	76.0	2000.0
Vengaboys	60.5	2000.0
Phoenix	57.0	2000.0
Alice DJ	49.0	2000.0
Sisters of Mercy	9.0	2000.0
A Touch Of Class	5.0	2000.0
Real McCoy	2.0	2000.0
Green Day	79.0	1994.0
Ice Mc	59.0	1994.0
2 Brothers On The 4th Floor	58.0	1994.0
Maxx	54.0	1994.0
Double You	53.0	1994.0
Whitesnake	53.0	1994.0
Corona	51.5	1994.0
Prince Ital Joe	50.0	1994.0
Spanic	38.0	1994.0
Deee-Lite	33.0	1994.0
SNAP!	62.0	1992.0
Modern English	46.0	1992.0
Somewhere over England	32.0	1992.0
Kylie Minogue	27.0	1992.0
Dr. Alban	21.0	1992.0
Daft Punk	70.0	1997.0
Will Smith	70.0	1997.0
Midnight Oil	63.0	1997.0
*NSYNC	54.0	1997.0
Mœnia	49.0	1997.0
John Denver	44.0	1997.0
Aqua	43.0	1997.0
Talk Talk	35.5	1997.0
Sentidos Opuestos	30.0	1997.0
blink-182	3.0	1997.0
Backstreet Boys	76.0	2001.0
Weezer	75.0	2001.0
Journey	74.0	2001.0
Shakira	71.0	2001.0
Billy Joel	69.0	2001.0
Daryl Hall & John Oates	66.0	2001.0
P!nk	66.0	2001.0
Daft Punk	65.8	2001.0
Michelle Branch	64.0	2001.0
Christina Milian	54.0	2001.0
Fergie	74.0	2006.0
John Mayer	74.0	2006.0
Chris Isaak	69.0	2006.0
P!nk	69.0	2006.0
MIKA	61.0	2006.0
Taylor Swift	61.0	2006.0
Hannah Montana	58.0	2006.0
Vanessa Hudgens	56.0	2006.0
Belanova	54.0	2006.0
Wham!	54.0	2006.0
Maroon 5	78.66666666666667	2002.0
Avril Lavigne	77.0	2002.0
Coldplay	76.0	2002.0
Vanessa Carlton	76.0	2002.0
Justin Timberlake	74.0	2002.0
Gary Jules	70.0	2002.0
Jennifer Lopez	65.0	2002.0
DJ Sammy	64.0	2002.0
Aleks Syntek	45.0	2002.0
Marta Martorell	37.0	2002.0
Britney Spears	78.0	2003.0
The Proclaimers	74.0	2003.0
Fountains Of Wayne	73.0	2003.0
Beyoncé	69.0	2003.0
Air Supply	64.0	2003.0
Pet Shop Boys	63.0	2003.0
The Strokes	61.0	2003.0
Belanova	56.0	2003.0
Taylor Dayne	56.0	2003.0
Hilary Duff	55.0	2003.0
Coldplay	81.0	2005.0
Plain White T's	80.0	2005.0
Shakira	80.0	2005.0
Daniel Powter	76.0	2005.0
Chamillionaire	69.0	2005.0
The Pussycat Dolls	66.0	2005.0
The Click Five	59.0	2005.0
Faithless	57.0	2005.0
Chicago	49.0	2005.0
Subway To Sally	41.0	2005.0
AC/DC	81.0	1990.0
Warrant	62.5	1990.0
Nick Kamen	61.0	1990.0
SNAP!	59.0	1990.0
Talk Talk	57.0	1990.0
Madonna	51.0	1990.0
The Stranglers	50.0	1990.0
Depeche Mode	49.0	1990.0
The Bangles	48.0	1990.0
The Snake Corps	34.0	1990.0
Usher	79.0	2004.0
Green Day	78.0	2004.0
Natasha Bedingfield	76.0	2004.0
Franz Ferdinand	73.0	2004.0
Jesse McCartney	72.0	2004.0
The Killers	69.0	2004.0
Kelly Clarkson	66.66666666666667	2004.0
The Bangles	63.0	2004.0
Gwen Stefani	60.0	2004.0
Bowling For Soup	59.0	2004.0
Tracy Chapman	77.0	1988.0
Roxette	73.5	1988.0
Erasure	69.0	1988.0
When In Rome	63.0	1988.0
Front 242	42.0	1988.0
The Lounge Lizards	35.0	1988.0
Herbie Hancock	12.0	1988.0
Information Society	0.0	1988.0
Foreigner	77.0	1984.0
REO Speedwagon	73.0	1984.0
Twisted Sister	73.0	1984.0
Pat Benatar	66.0	1984.0
Alphaville	59.0	1984.0
Boney M.	59.0	1984.0
Madonna	54.0	1984.0
The Blue Nile	54.0	1984.0
This Mortal Coil	51.0	1984.0
Miguel Bosé	34.0	1984.0
Michael Jackson	77.0	1982.0
Duran Duran	66.0	1982.0
Pat Benatar	55.0	1982.0
Heaven 17	44.0	1982.0
Depeche Mode	30.0	1982.0
Asia	8.0	1982.0
Blue Swede	75.0	1973.0
The Cure	73.0	1979.0
Rupert Holmes	71.0	1979.0
Electric Light Orchestra	70.0	1979.0
Gary Numan / Tubeway Army	51.0	1979.0
Blue Öyster Cult	62.0	1977.0
The Human League	74.0	1981.0
Foreigner	67.0	1981.0
Loverboy	66.0	1981.0
Orchestral Manoeuvres In The Dark	43.0	1981.0
Simple Minds	42.0	1981.0
Depeche Mode	41.666666666666664	1981.0
Soft Cell	18.0	1981.0
YELLOW MAGIC ORCHESTRA	16.0	1981.0
The Cars	14.0	1981.0
Kim Wilde	4.0	1981.0
Lynyrd Skynyrd	27.0	1974.0
Led Zeppelin	77.0	1970.0
Boston	78.0	1976.0
Kansas	74.0	1976.0
U2	79.0	1987.0
George Michael	75.0	1987.0
Def Leppard	74.0	1987.0
Rick Astley	66.0	1987.0
R.E.M.	63.0	1987.0
Guns N' Roses	58.666666666666664	1987.0
Pet Shop Boys	38.0	1987.0
Anne Clark	37.0	1987.0
Lloyd Cole and the Commotions	32.0	1987.0
Big Audio Dynamite	30.0	1987.0
Queen	75.0	1978.0
TOTO	75.0	1978.0
Van Halen	64.0	1978.0
The Cars	56.0	1978.0
Blondie	55.0	1978.0
Kraftwerk	36.0	1978.0
Bryan Ferry	15.0	1978.0
Creedence Clearwater Revival	80.0	1969.0
Prince	73.0	1986.0
Cutting Crew	71.0	1986.0
New Order	67.0	1986.0
Pet Shop Boys	58.0	1986.0
Bon Jovi	20.0	1986.0
Chris de Burgh	14.0	1986.0
Bananarama	6.0	1986.0
The Bolshoi	0.5	1986.0
Status Quo	0.0	1986.0
AC/DC	80.5	1980.0
Journey	71.0	1980.0
The Buggles	70.0	1980.0
Shaun Cassidy	18.0	1980.0
Robert Palmer	6.0	1980.0
Cyndi Lauper	76.0	1983.0
Eurythmics	74.66666666666667	1983.0
Journey	67.0	1983.0
Culture Club	64.0	1983.0
Real Life	55.0	1983.0
Peter Schilling	49.0	1983.0
Angelic Upstarts	33.0	1983.0
Orchestral Manoeuvres In The Dark	33.0	1983.0
Depeche Mode	24.0	1983.0
Europe	8.0	1983.0
a-ha	83.0	1985.0
The Outfield	70.0	1985.0
Grover Washington, Jr.	66.0	1985.0
Mr. Mister	65.0	1985.0
Narada Michael Walden	46.0	1985.0
Dire Straits	24.0	1985.0
Dead Or Alive	17.0	1985.0
Tears For Fears	2.0	1985.0
Richard Marx	75.0	1989.0
Cher	72.0	1989.0
The Pointer Sisters	63.0	1989.0
Peter Schilling	58.0	1989.0
Luz Casal	56.0	1989.0
Love and Rockets	52.0	1989.0
New Model Army	43.0	1989.0
Escape With Romeo	32.0	1989.0
Paul Haig	23.0	1989.0
Invisible Limits	0.0	1989.0
Willie Nelson	51.0	1975.0
KAROL G	98.0	2019.0
The Weeknd	93.0	2019.0
Travis Scott	91.5	2019.0
Don Toliver	89.0	2019.0
DaBaby	88.22222222222223	2019.0
Lil Baby	88.0	2019.0
Lunay	87.0	2019.0
Roddy Ricch	87.0	2019.0
J. Cole	86.0	2019.0
Bad Bunny	85.0	2019.0
Trevor Daniel	97.0	2018.0
XXXTENTACION	87.0	2018.0
Meek Mill	85.0	2018.0
Lil Peep	83.0	2018.0
YNW Melly	80.5	2018.0
Nio Garcia	80.0	2018.0
Ski Mask The Slump God	80.0	2018.0
Travis Scott	80.0	2018.0
A Boogie Wit da Hoodie	79.25	2018.0
BlocBoy JB	79.0	2018.0
Offset	81.0	2017.0
Likybo	78.0	2017.0
Lil Peep	77.5	2017.0
GoldLink	76.0	2017.0
Lil Skies	76.0	2017.0
Trippie Redd	75.0	2017.0
Gryffin	74.0	2017.0
Tay-K	73.0	2017.0
Brennan Savage	72.0	2017.0
Famous Dex	72.0	2017.0
Travis Scott	79.33333333333333	2016.0
Calvin Harris	79.0	2016.0
Lil Wayne	77.0	2016.0
Rob $tone	77.0	2016.0
21 Savage	74.0	2016.0
Dave	73.0	2016.0
Fifth Harmony	72.0	2016.0
Skrillex	72.0	2016.0
Chance the Rapper	71.5	2016.0
Lund	70.5	2016.0
J. Cole	82.0	2014.0
Bobby Shmurda	74.0	2014.0
G-Eazy	74.0	2014.0
Disclosure	72.0	2014.0
Young Money	71.0	2014.0
Omarion	70.0	2014.0
Rich Gang	69.0	2014.0
Tove Lo	69.0	2014.0
Wiz Khalifa	67.0	2014.0
Juicy J	66.0	2014.0
Flo Rida	76.0	2012.0
Nicki Minaj	73.0	2012.0
Canserbero	68.0	2012.0
David Guetta	66.0	2012.0
Travis Porter	66.0	2012.0
Warren G	64.0	2012.0
Hermitude	60.0	2012.0
Tyga	57.0	2012.0
DMX	56.0	2012.0
Kendrick Lamar	55.666666666666664	2012.0
Bryson Tiller	79.5	2015.0
Mac Miller	77.0	2015.0
Travis Scott	77.0	2015.0
Rihanna	75.0	2015.0
Coldplay	74.0	2015.0
Chris Brown	73.0	2015.0
Mike Stud	73.0	2015.0
Kodak Black	71.0	2015.0
Meek Mill	71.0	2015.0
Vince Staples	70.0	2015.0
Kanye West	75.0	2013.0
A$AP Ferg	71.0	2013.0
Yellow Claw	69.0	2013.0
Mike WiLL Made-It	68.0	2013.0
Juicy J	65.0	2013.0
Baauer	62.0	2013.0
August Alsina	61.0	2013.0
2 Chainz	59.0	2013.0
Lil Wyte	59.0	2013.0
Tyga	58.0	2013.0
JAY-Z	74.66666666666667	2011.0
Drake	73.0	2011.0
Mac Miller	68.0	2011.0
Wale	67.0	2011.0
Pusha T	64.0	2011.0
DMX	63.0	2011.0
Kirko Bangz	62.0	2011.0
Black Stone Cherry	56.5	2011.0
Halestorm	56.0	2011.0
Cartel De Santa	53.5	2011.0
Drake	67.5	2010.0
Waka Flocka Flame	67.2	2010.0
David Guetta	66.0	2010.0
DJ Khaled	62.0	2010.0
Luniz	60.0	2010.0
MC Eiht	56.0	2010.0
The Pretty Reckless	53.0	2010.0
Akwid	49.0	2010.0
Scarface	47.4	2010.0
Fresku	44.0	2010.0
Flo Rida	79.0	2008.0
Disturbed	70.0	2008.0
Lil Wayne	60.75	2008.0
Smif-N-Wessun	58.0	2008.0
Kelis	55.0	2008.0
Webbie	55.0	2008.0
Eazy-E	50.0	2008.0
T.I.	49.666666666666664	2008.0
Ice Cube	49.0	2008.0
Yung L.A.	48.0	2008.0
Future	93.0	2020.0
Lil Baby	81.0	2020.0
Lil Tjay	79.0	2020.0
Myke Towers	79.0	2020.0
Megan Thee Stallion	77.0	2020.0
Mac Miller	76.25	2020.0
Dardan	76.0	2020.0
Jamule	76.0	2020.0
Eminem	75.0	2020.0
Elias	73.0	2020.0
T-Pain	76.0	2007.0
Timbaland	72.0	2007.0
Lupe Fiasco	65.0	2007.0
Plies	65.0	2007.0
Eazy-E	64.0	2007.0
Public Enemy	61.0	2007.0
Cupid	60.0	2007.0
The Notorious B.I.G.	59.125	2007.0
UGK	58.0	2007.0
Gorilla Zoe	57.0	2007.0
JAY-Z	62.0	1998.0
OutKast	53.42857142857143	1998.0
Young Bleed	49.0	1998.0
Juvenile	47.0	1998.0
112	44.0	1998.0
Fatboy Slim	44.0	1998.0
Lil' Troy	43.8	1998.0
MC Ren	43.0	1998.0
Nate Dogg	41.0	1998.0
Daz Dillinger	39.0	1998.0
Mobb Deep	66.0	1996.0
2Pac	65.38888888888889	1996.0
Nas	62.333333333333336	1996.0
Makaveli	62.0	1996.0
Lord Finesse	61.0	1996.0
Too $hort	61.0	1996.0
Jeru The Damaja	58.0	1996.0
Rakim	54.0	1996.0
Do Or Die	51.0	1996.0
Xzibit	50.5	1996.0
Rage Against The Machine	66.0	1999.0
Ol' Dirty Bastard	65.0	1999.0
Rakim	64.0	1999.0
Mobb Deep	62.0	1999.0
Big Pun	61.666666666666664	1999.0
Snoop Dogg	61.0	1999.0
Tear Da Club Up Thugs	54.0	1999.0
The Notorious B.I.G.	51.5	1999.0
Youngbloodz	48.0	1999.0
B.G.	47.0	1999.0
Young Money	65.0	2009.0
The Notorious B.I.G.	60.0	2009.0
Birdman	56.0	2009.0
Dorrough Music	56.0	2009.0
Trillville	56.0	2009.0
Lil Scrappy	54.0	2009.0
Slim Thug	52.0	2009.0
Gucci Mane	49.5	2009.0
Hurricane Chris	48.0	2009.0
OJ Da Juiceman	45.0	2009.0
Lenny Kravitz	72.0	1993.0
Souls Of Mischief	68.0	1993.0
Naughty By Nature	64.0	1993.0
Cypress Hill	62.333333333333336	1993.0
KRS-One	62.0	1993.0
Wu-Tang Clan	61.92307692307692	1993.0
Snoop Dogg	61.76923076923077	1993.0
MC Breed	59.0	1993.0
Digable Planets	58.0	1993.0
Lords Of The Underground	56.0	1993.0
Luniz	73.0	1995.0
Mobb Deep	67.6	1995.0
The Pharcyde	63.0	1995.0
Dr. Dre	61.0	1995.0
Skee-Lo	61.0	1995.0
Coolio	59.666666666666664	1995.0
Grand Puba	59.0	1995.0
Das EFX	58.0	1995.0
Junior M.A.F.I.A.	58.0	1995.0
KRS-One	58.0	1995.0
Soundgarden	63.0	1991.0
N.W.A.	61.0	1991.0
Heavy D & The Boyz	57.0	1991.0
Cypress Hill	55.666666666666664	1991.0
Geto Boys	52.333333333333336	1991.0
Nice & Smooth	51.0	1991.0
MC Breed	48.0	1991.0
2Pac	46.0	1991.0
Ice-T	45.0	1991.0
DJ Quik	41.2	1991.0
Ja Rule	64.0	2000.0
Dead Prez	62.0	2000.0
OutKast	59.5	2000.0
Xzibit	52.0	2000.0
Eminem	51.333333333333336	2000.0
Mystikal	51.0	2000.0
Lil Jon	42.0	2000.0
Tyrone Davis	39.0	2000.0
Three 6 Mafia	37.5	2000.0
Ludacris	37.142857142857146	2000.0
Ice Cube	69.0	1994.0
Edwyn Collins	63.0	1994.0
The Notorious B.I.G.	61.77272727272727	1994.0
Gang Starr	61.0	1994.0
Craig Mack	55.0	1994.0
Artifacts	54.5	1994.0
Da Brat	54.0	1994.0
Common	53.0	1994.0
Crooklyn Dodgers	53.0	1994.0
Rappin' 4-Tay	52.0	1994.0
The Pharcyde	67.0	1992.0
Kris Kross	66.0	1992.0
Redman	62.0	1992.0
Das EFX	55.0	1992.0
Kyuss	54.0	1992.0
Compton's Most Wanted	53.0	1992.0
Eric B. & Rakim	53.0	1992.0
N2DEEP	53.0	1992.0
Ice Cube	50.0	1992.0
Too $hort	50.0	1992.0
Blur	74.0	1997.0
2Pac	70.0	1997.0
Kenny Wayne Shepherd	59.0	1997.0
Diddy	57.0	1997.0
Mase	55.5	1997.0
Mack 10	53.0	1997.0
Control Machete	48.333333333333336	1997.0
Wu-Tang Clan	46.0	1997.0
Camp Lo	44.5	1997.0
Mel Waiters	43.0	1997.0
Fat Joe	72.0	2001.0
Eve	71.0	2001.0
Nate Dogg	60.0	2001.0
Missy Elliott	56.0	2001.0
Dilated Peoples	55.0	2001.0
Jermaine Dupri	54.0	2001.0
Petey Pablo	54.0	2001.0
Wu-Tang Clan	54.0	2001.0
Ice Cube	50.0	2001.0
The Lady Of Rage	47.0	2001.0
Wolfmother	66.0	2006.0
E-40	61.0	2006.0
Justin Timberlake	60.5	2006.0
Boosie Badazz	60.0	2006.0
Dem Franchize Boyz	60.0	2006.0
Huey	55.0	2006.0
Unk	55.0	2006.0
Eazy-E	54.0	2006.0
Fat Joe	54.0	2006.0
Jeezy	52.5	2006.0
Justin Timberlake	74.0	2002.0
Sean Paul	71.0	2002.0
Missy Elliott	70.0	2002.0
Nelly	69.66666666666667	2002.0
Busta Rhymes	66.0	2002.0
Ying Yang Twins	63.0	2002.0
Run–D.M.C.	61.0	2002.0
Styles P	60.0	2002.0
WC	53.0	2002.0
Khia	52.0	2002.0
Baby Bash	72.0	2003.0
Chingy	64.66666666666667	2003.0
OutKast	60.666666666666664	2003.0
Molotov	60.0	2003.0
Westside Connection	57.666666666666664	2003.0
50 Cent	54.0	2003.0
Bone Crusher	54.0	2003.0
DMX	53.666666666666664	2003.0
Petey Pablo	53.0	2003.0
Youngbloodz	50.0	2003.0
T-Pain	67.0	2005.0
Mattafix	65.0	2005.0
Arthur Conley	60.0	2005.0
Chamillionaire	59.0	2005.0
Paul Wall	59.0	2005.0
Mike Jones	58.8	2005.0
Akwid	58.0	2005.0
Fort Minor	58.0	2005.0
Bun B	55.0	2005.0
Three 6 Mafia	54.8	2005.0
A Tribe Called Quest	69.0	1990.0
Public Enemy	56.0	1990.0
Too $hort	55.0	1990.0
Ice Cube	51.0	1990.0
Kid Frost	51.0	1990.0
Compton's Most Wanted	49.0	1990.0
Candyman	43.0	1990.0
Digital Underground	42.0	1990.0
Above The Law	31.0	1990.0
DJ Magic Mike	26.0	1990.0
Usher	79.0	2004.0
Trick Daddy	65.0	2004.0
Petey Pablo	63.0	2004.0
J-Kwon	62.0	2004.0
Diddy	61.5	2004.0
Twista	61.5	2004.0
Wu-Tang Clan	60.0	2004.0
Craig Mack	59.0	2004.0
Juvenile	59.0	2004.0
Lil' Flip	56.0	2004.0
Bobby Brown	56.0	1988.0
Eazy-E	55.0	1988.0
Public Enemy	52.0	1988.0
Eric B. & Rakim	47.0	1988.0
J.J. Fad	47.0	1988.0
Sir Mix-A-Lot	47.0	1988.0
Betty Wright	44.5	1988.0
DJ Jazzy Jeff & The Fresh Prince	40.0	1988.0
E.U.	39.0	1988.0
N.W.A.	38.76923076923077	1988.0
Run–D.M.C.	43.0	1984.0
Michael Jackson	77.0	1982.0
Grandmaster Flash & The Furious Five	48.0	1982.0
Johnnie Taylor	38.0	1973.0
Z.Z. Hill	36.0	1981.0
Lynyrd Skynyrd	81.0	1974.0
Shirley Brown	48.0	1974.0
Derek & The Dominos	21.0	1970.0
The Allman Brothers Band	3.0	1970.0
Johnnie Taylor	36.0	1976.0
Eazy-E	64.0	1987.0
Eric B. & Rakim	50.0	1987.0
LL Cool J	47.0	1987.0
Marvin Sease	34.0	1987.0
Heavy D & The Boyz	28.0	1987.0
Bob Seger	72.0	1978.0
Tyrone Davis	38.0	1969.0
Run–D.M.C.	68.0	1986.0
Beastie Boys	46.0	1986.0
Latimore	39.0	1983.0
LL Cool J	51.0	1985.0
Run–D.M.C.	46.0	1985.0
"Bobby ""Blue"" Bland"	38.0	1985.0
The D.O.C.	49.333333333333336	1989.0
Sir Mix-A-Lot	39.0	1989.0
Kwame	29.0	1989.0
Steppenwolf	54.0	1968.0
Clarence Carter	53.0	1968.0
The Rolling Stones	3.0	1971.0
ZZ Top	52.0	1972.0
Van Morrison	79.0	1967.0
Billie Eilish	95.0	2019.0
Falling In Reverse	75.0	2019.0
Slipknot	74.5	2019.0
Clairo	72.0	2019.0
YUNGBLUD	71.0	2019.0
A Day To Remember	70.0	2019.0
Ozzy Osbourne	69.33333333333333	2019.0
Asking Alexandria	67.0	2019.0
Marilyn Manson	67.0	2019.0
AWOLNATION	65.0	2019.0
Post Malone	88.0	2018.0
John Mayer	80.0	2018.0
Eminem	76.0	2018.0
The 1975	74.0	2018.0
Gucci Mane	73.0	2018.0
Dayglow	72.0	2018.0
KURT	72.0	2018.0
Muse	69.0	2018.0
Unknown Mortal Orchestra	69.0	2018.0
Peach Pit	67.0	2018.0
Peachy!	78.0	2017.0
Harry Styles	74.0	2017.0
Rex Orange County	73.75	2017.0
boy pablo	70.0	2017.0
Banes World	68.0	2017.0
COIN	68.0	2017.0
TEMPOREX	67.0	2017.0
Her's	66.0	2017.0
Five Finger Death Punch	65.0	2017.0
The Marías	64.5	2017.0
Charlie Puth	79.0	2016.0
León Larregui	71.0	2016.0
I Prevail	67.0	2016.0
Young the Giant	66.0	2016.0
Kings of Leon	65.5	2016.0
Red Hot Chili Peppers	65.5	2016.0
Current Joys	64.0	2016.0
KALEO	63.0	2016.0
Skillet	61.0	2016.0
Stevie Nicks	61.0	2016.0
Aaron Smith	84.0	2014.0
Mac DeMarco	73.0	2014.0
Slipknot	71.0	2014.0
STARSET	70.0	2014.0
The Walters	70.0	2014.0
Catfish and the Bottlemen	66.0	2014.0
Beartooth	64.0	2014.0
Chaos Chaos	63.0	2014.0
Blue Swede	62.0	2014.0
L'Impératrice	61.0	2014.0
fun.	75.0	2012.0
Elvis Costello	64.0	2012.0
alt-J	64.0	2012.0
León Larregui	62.5	2012.0
Muse	62.5	2012.0
Stone Sour	62.0	2012.0
Nine Lashes	59.0	2012.0
Thousand Foot Krutch	57.0	2012.0
Player	56.0	2012.0
Two Door Cinema Club	55.0	2012.0
Tame Impala	79.66666666666667	2015.0
Twenty One Pilots	77.0	2015.0
Lil Dicky	70.0	2015.0
Three Days Grace	65.0	2015.0
Muse	63.2	2015.0
Bring Me The Horizon	63.0	2015.0
L'Impératrice	63.0	2015.0
Shinedown	61.0	2015.0
Parkway Drive	59.0	2015.0
Five Finger Death Punch	58.666666666666664	2015.0
Arctic Monkeys	79.0	2013.0
Cage The Elephant	72.0	2013.0
Foals	70.0	2013.0
Zoé	68.0	2013.0
Queens of the Stone Age	66.0	2013.0
Avenged Sevenfold	64.0	2013.0
Atlas Genius	60.0	2013.0
Cults	60.0	2013.0
Trivium	59.0	2013.0
The Strokes	58.333333333333336	2013.0
Foster The People	83.0	2011.0
Grouplove	78.0	2011.0
Gotye	77.0	2011.0
Young the Giant	70.0	2011.0
Metronomy	69.0	2011.0
The Black Keys	68.5	2011.0
The Strokes	66.0	2011.0
Foo Fighters	64.0	2011.0
The Drums	64.0	2011.0
Scorpions	63.5	2011.0
Two Door Cinema Club	71.0	2010.0
Arcade Fire	69.0	2010.0
Neon Trees	68.0	2010.0
Canserbero	66.0	2010.0
Disturbed	63.333333333333336	2010.0
Kansas	63.0	2010.0
Volbeat	63.0	2010.0
Kings of Leon	59.0	2010.0
Godsmack	58.333333333333336	2010.0
10 Years	58.0	2010.0
Spandau Ballet	72.0	2008.0
Joy Division	71.0	2008.0
Cage The Elephant	70.0	2008.0
Disturbed	70.0	2008.0
Nickelback	70.0	2008.0
Rise Against	70.0	2008.0
Vampire Weekend	69.0	2008.0
Coldplay	65.0	2008.0
Golden Earring	64.0	2008.0
The Brian Jonestown Massacre	62.0	2008.0
Mac Miller	72.0	2020.0
Ozzy Osbourne	71.0	2020.0
Five Finger Death Punch	68.0	2020.0
KALEO	63.0	2020.0
The Amity Affliction	61.0	2020.0
Hollywood Undead	60.0	2020.0
Silverstein	59.0	2020.0
Set It Off	57.0	2020.0
The Mowgli's	57.0	2020.0
Joywave	56.0	2020.0
Sara Bareilles	75.0	2007.0
MGMT	74.66666666666667	2007.0
Three Days Grace	72.0	2007.0
Fall Out Boy	71.5	2007.0
Foo Fighters	70.0	2007.0
Eddie Vedder	67.0	2007.0
Paramore	67.0	2007.0
Arctic Monkeys	66.0	2007.0
Paolo Nutini	66.0	2007.0
Interpol	65.0	2007.0
George Michael	75.0	1998.0
Aerosmith	74.33333333333333	1998.0
New Radicals	73.0	1998.0
The Goo Goo Dolls	73.0	1998.0
Korn	71.33333333333333	1998.0
Lenny Kravitz	70.0	1998.0
Barenaked Ladies	69.0	1998.0
Robbie Williams	67.0	1998.0
Blur	66.0	1998.0
David Gray	66.0	1998.0
Rage Against The Machine	73.0	1996.0
Café Tacvba	70.0	1996.0
Quiet Riot	70.0	1996.0
The Wallflowers	70.0	1996.0
The Cardigans	69.0	1996.0
Matchbox Twenty	68.0	1996.0
Dave Matthews Band	66.0	1996.0
Sublime	64.0	1996.0
Fiona Apple	61.0	1996.0
Duncan Sheik	58.0	1996.0
Smash Mouth	79.0	1999.0
Red Hot Chili Peppers	75.2	1999.0
Bonnie Tyler	74.0	1999.0
Foo Fighters	73.0	1999.0
Limp Bizkit	71.0	1999.0
Berlin	70.0	1999.0
Lit	70.0	1999.0
Pearl Jam	70.0	1999.0
Blondie	69.0	1999.0
Korn	69.0	1999.0
Skillet	73.5	2009.0
Stealers Wheel	71.0	2009.0
Muse	69.5	2009.0
Toploader	69.0	2009.0
Thirty Seconds To Mars	67.0	2009.0
Breaking Benjamin	65.5	2009.0
Sick Puppies	62.0	2009.0
Foo Fighters	61.0	2009.0
Adelitas Way	60.0	2009.0
Snow Patrol	60.0	2009.0
Lenny Kravitz	72.0	1993.0
Duran Duran	69.0	1993.0
Sheryl Crow	65.0	1993.0
Sting	64.5	1993.0
James	64.0	1993.0
The Band	61.0	1993.0
Minnie Riperton	57.0	1993.0
Eraserheads	56.0	1993.0
The Cranberries	55.625	1993.0
Pearl Jam	54.0	1993.0
Oasis	70.25	1995.0
No Doubt	70.0	1995.0
Everclear	68.0	1995.0
Pulp	68.0	1995.0
Roxette	68.0	1995.0
Meat Loaf	66.0	1995.0
Jewel	65.0	1995.0
AC/DC	62.0	1995.0
Radiohead	62.0	1995.0
Björk	58.5	1995.0
Red Hot Chili Peppers	77.0	1991.0
Bryan Adams	74.0	1991.0
U2	72.0	1991.0
Ozzy Osbourne	69.0	1991.0
Nirvana	66.625	1991.0
Spin Doctors	66.5	1991.0
Pearl Jam	65.14285714285714	1991.0
Tom Petty and the Heartbreakers	63.0	1991.0
Genesis	61.0	1991.0
White Lion	58.0	1991.0
Linkin Park	80.0	2000.0
Coldplay	76.0	2000.0
The Beatles	74.0	2000.0
Robbie Williams	68.0	2000.0
Disturbed	67.66666666666667	2000.0
The Guess Who	67.0	2000.0
Blur	66.0	2000.0
Joe Cocker	66.0	2000.0
Spandau Ballet	66.0	2000.0
A Perfect Circle	65.0	2000.0
Green Day	77.66666666666667	1994.0
Stone Temple Pilots	71.0	1994.0
Pretenders	69.0	1994.0
Beck	68.0	1994.0
Hootie & The Blowfish	68.0	1994.0
The Offspring	67.0	1994.0
Nirvana	66.66666666666667	1994.0
Tom Petty	66.0	1994.0
Bush	63.0	1994.0
Dinosaur Jr.	60.0	1994.0
Blind Melon	73.0	1992.0
Bon Jovi	73.0	1992.0
Eric Clapton	73.0	1992.0
R.E.M.	73.0	1992.0
Pantera	72.0	1992.0
Megadeth	70.0	1992.0
The Cure	69.66666666666667	1992.0
Soul Asylum	68.0	1992.0
Rage Against The Machine	67.5	1992.0
The Animals	66.0	1992.0
Blur	74.0	1997.0
Foo Fighters	73.6	1997.0
Kenny Loggins	71.0	1997.0
Edwin McCain	70.0	1997.0
Robbie Williams	70.0	1997.0
Natalie Imbruglia	69.0	1997.0
Third Eye Blind	69.0	1997.0
Marcy Playground	68.0	1997.0
Hanson	65.0	1997.0
Nick Cave & The Bad Seeds	65.0	1997.0
Papa Roach	79.0	2001.0
Nickelback	78.0	2001.0
John Mayer	77.0	2001.0
Train	77.0	2001.0
Weezer	75.0	2001.0
Sum 41	73.5	2001.0
Daft Punk	70.0	2001.0
P.O.D.	69.0	2001.0
Creed	68.0	2001.0
Gorillaz	68.0	2001.0
My Chemical Romance	77.66666666666667	2006.0
Red Hot Chili Peppers	77.5	2006.0
Snow Patrol	77.0	2006.0
Gnarls Barkley	75.0	2006.0
The Killers	75.0	2006.0
Huey Lewis & The News	72.0	2006.0
AFI	70.0	2006.0
Gustavo Cerati	70.0	2006.0
Muse	69.2	2006.0
PXNDX	67.0	2006.0
Red Hot Chili Peppers	77.0	2002.0
3 Doors Down	72.0	2002.0
Robbie Williams	72.0	2002.0
Good Charlotte	68.0	2002.0
Queens of the Stone Age	68.0	2002.0
Oasis	67.0	2002.0
Taking Back Sunday	66.0	2002.0
Chevelle	65.5	2002.0
Audioslave	65.0	2002.0
Sum 41	63.333333333333336	2002.0
The Proclaimers	74.0	2003.0
Evanescence	73.5	2003.0
Café Tacvba	73.0	2003.0
Fountains Of Wayne	73.0	2003.0
The Strokes	73.0	2003.0
Jet	69.66666666666667	2003.0
Dido	68.0	2003.0
Godsmack	67.0	2003.0
Linkin Park	67.0	2003.0
Frankie Valli & The Four Seasons	66.0	2003.0
Gorillaz	75.0	2005.0
System Of A Down	75.0	2005.0
Korn	71.0	2005.0
The Offspring	71.0	2005.0
Thirty Seconds To Mars	71.0	2005.0
Dropkick Murphys	70.0	2005.0
Audioslave	69.0	2005.0
Weezer	69.0	2005.0
Cardenales De Nuevo León	68.0	2005.0
Stereophonics	68.0	2005.0
AC/DC	75.33333333333333	1990.0
Extreme	71.0	1990.0
Ram Jam	67.0	1990.0
The Romantics	66.0	1990.0
Poison	61.0	1990.0
Queensrÿche	61.0	1990.0
Alice In Chains	60.0	1990.0
Warrant	60.0	1990.0
Damn Yankees	59.0	1990.0
Temple Of The Dog	59.0	1990.0
Slipknot	76.0	2004.0
Green Day	75.75	2004.0
Keane	75.0	2004.0
My Chemical Romance	74.0	2004.0
The Killers	72.0	2004.0
Franz Ferdinand	71.5	2004.0
Bowling For Soup	69.0	2004.0
Seether	69.0	2004.0
Avril Lavigne	68.0	2004.0
Simple Plan	68.0	2004.0
Pixies	74.0	1988.0
Don McLean	71.0	1988.0
Fine Young Cannibals	71.0	1988.0
Bon Jovi	67.0	1988.0
Joan Jett & The Blackhearts	67.0	1988.0
Poison	67.0	1988.0
Erasure	65.5	1988.0
Jane's Addiction	64.0	1988.0
When In Rome	63.0	1988.0
Cheap Trick	62.0	1988.0
Foreigner	77.0	1984.0
Don Henley	76.0	1984.0
REO Speedwagon	73.0	1984.0
Chicago	72.0	1984.0
Twisted Sister	70.33333333333333	1984.0
Prince	70.0	1984.0
Bon Jovi	69.0	1984.0
John Waite	69.0	1984.0
Leonard Cohen	66.0	1984.0
Pat Benatar	66.0	1984.0
Michael Jackson	79.0	1982.0
The Clash	77.25	1982.0
John Mellencamp	71.0	1982.0
TOTO	71.0	1982.0
Survivor	67.33333333333333	1982.0
George Thorogood & The Destroyers	67.0	1982.0
The Alan Parsons Project	67.0	1982.0
Madness	65.0	1982.0
Steve Winwood	65.0	1982.0
Judas Priest	64.0	1982.0
ZZ Top	74.0	1973.0
Bob Dylan	73.0	1973.0
The Rolling Stones	72.0	1973.0
Aerosmith	69.75	1973.0
The Doobie Brothers	68.6	1973.0
The Beatles	68.0	1973.0
Led Zeppelin	65.0	1973.0
David Bowie	64.0	1973.0
Daryl Hall & John Oates	62.0	1973.0
Marvin Gaye	62.0	1973.0
AC/DC	83.0	1979.0
The Knack	73.0	1979.0
Rupert Holmes	71.0	1979.0
The Clash	70.0	1979.0
Norman Greenbaum	68.0	1979.0
The Cure	67.5	1979.0
Christopher Cross	64.0	1979.0
Joy Division	63.5	1979.0
Status Quo	62.0	1979.0
Tom Petty and the Heartbreakers	61.5	1979.0
Kansas	77.0	1977.0
Supertramp	74.0	1977.0
Talking Heads	72.0	1977.0
Eric Clapton	69.33333333333333	1977.0
Styx	64.0	1977.0
Billy Joel	63.6	1977.0
Peter Gabriel	63.5	1977.0
Rush	62.0	1977.0
Sex Pistols	62.0	1977.0
Dan Hill	61.0	1977.0
Phil Collins	76.0	1981.0
The Rolling Stones	76.0	1981.0
The Human League	74.0	1981.0
Journey	73.4	1981.0
The J. Geils Band	71.0	1981.0
Blondie	70.0	1981.0
Rick Springfield	70.0	1981.0
Joan Jett & The Blackhearts	67.5	1981.0
Depeche Mode	66.0	1981.0
Loverboy	66.0	1981.0
Bachman-Turner Overdrive	68.0	1974.0
Gordon Lightfoot	63.0	1974.0
Lynyrd Skynyrd	63.0	1974.0
Steely Dan	60.0	1974.0
Sweet	60.0	1974.0
Elton John	59.0	1974.0
Linda Ronstadt	59.0	1974.0
Eagles	58.0	1974.0
America	57.0	1974.0
David Bowie	56.666666666666664	1974.0
The Doors	72.0	1970.0
The Beatles	71.0	1970.0
Led Zeppelin	70.66666666666667	1970.0
Mountain	68.0	1970.0
The Velvet Underground	66.0	1970.0
Bread	64.0	1970.0
Grateful Dead	64.0	1970.0
Three Dog Night	63.0	1970.0
Emerson, Lake & Palmer	59.0	1970.0
Crosby, Stills, Nash & Young	58.0	1970.0
Chicago	74.0	1976.0
Kansas	74.0	1976.0
AC/DC	71.42857142857143	1976.0
Ramones	71.0	1976.0
Daryl Hall & John Oates	70.0	1976.0
Tom Petty and the Heartbreakers	69.66666666666667	1976.0
Eagles	69.0	1976.0
The Bellamy Brothers	68.0	1976.0
Silver	66.0	1976.0
The Runaways	65.0	1976.0
Heart	73.0	1987.0
The Animals	73.0	1987.0
Sting	71.0	1987.0
Aerosmith	70.0	1987.0
Tiffany	68.0	1987.0
The Cure	67.5	1987.0
Michael Jackson	67.0	1987.0
Pet Shop Boys	65.0	1987.0
R.E.M.	65.0	1987.0
Level 42	61.0	1987.0
TOTO	75.0	1978.0
Kate Bush	68.0	1978.0
The Doobie Brothers	68.0	1978.0
Gerry Rafferty	67.66666666666667	1978.0
Patti Smith	65.0	1978.0
Ramones	64.5	1978.0
Jackson Browne	64.0	1978.0
Ray Parker, Jr.	64.0	1978.0
Dr. Hook	63.0	1978.0
The Cars	62.625	1978.0
The Beatles	76.33333333333333	1969.0
The Doors	67.0	1969.0
Led Zeppelin	66.8	1969.0
The Velvet Underground	66.0	1969.0
Santana	62.5	1969.0
The Band	61.5	1969.0
The Stooges	58.666666666666664	1969.0
Crosby, Stills & Nash	50.5	1969.0
The Ventures	48.0	1969.0
Tommy James & The Shondells	39.0	1969.0
Paul Simon	75.0	1986.0
AC/DC	72.0	1986.0
Europe	70.25	1986.0
Cyndi Lauper	68.0	1986.0
Run–D.M.C.	68.0	1986.0
Eddie Money	67.0	1986.0
New Order	67.0	1986.0
Pet Shop Boys	67.0	1986.0
Peter Cetera	66.33333333333333	1986.0
Bruce Hornsby	66.0	1986.0
AC/DC	77.71428571428571	1980.0
Ozzy Osbourne	77.0	1980.0
Journey	71.0	1980.0
Daryl Hall & John Oates	69.0	1980.0
REO Speedwagon	68.33333333333333	1980.0
Pat Benatar	68.0	1980.0
The Buggles	66.5	1980.0
Billy Joel	66.0	1980.0
Judas Priest	66.0	1980.0
Air Supply	65.25	1980.0
Billy Joel	77.0	1983.0
Cyndi Lauper	76.0	1983.0
Eurythmics	74.66666666666667	1983.0
Nena	73.0	1983.0
Culture Club	72.0	1983.0
Talking Heads	70.0	1983.0
U2	70.0	1983.0
ZZ Top	68.5	1983.0
Mötley Crüe	66.0	1983.0
Ozzy Osbourne	65.0	1983.0
a-ha	83.0	1985.0
Tears For Fears	73.5	1985.0
The Outfield	70.33333333333333	1985.0
Survivor	70.0	1985.0
John Parr	68.0	1985.0
Robert Palmer	67.0	1985.0
Mr. Mister	65.0	1985.0
Echo & the Bunnymen	63.0	1985.0
The Jesus and Mary Chain	62.0	1985.0
Whitney Houston	61.75	1985.0
Richard Marx	75.0	1989.0
Billy Joel	73.0	1989.0
The B-52's	69.0	1989.0
Skid Row	66.75	1989.0
Alice Cooper	65.6	1989.0
Neil Young	65.0	1989.0
Tom Petty	64.5	1989.0
Bad English	64.0	1989.0
Pixies	63.666666666666664	1989.0
The Stone Roses	62.5	1989.0
Bruce Springsteen	73.0	1975.0
Hot Chocolate	71.0	1975.0
10cc	70.0	1975.0
Bob Marley & The Wailers	70.0	1975.0
Aerosmith	68.4	1975.0
Eagles	68.0	1975.0
America	66.0	1975.0
Peter Frampton	66.0	1975.0
Rod Stewart	66.0	1975.0
Daryl Hall & John Oates	65.0	1975.0
Jimi Hendrix	76.0	1968.0
Steppenwolf	68.0	1968.0
Big Brother & The Holding Company	67.0	1968.0
Deep Purple	62.0	1968.0
The Beatles	62.0	1968.0
The Doors	62.0	1968.0
Van Morrison	62.0	1968.0
Simon & Garfunkel	54.0	1968.0
Traffic	52.0	1968.0
Pink Floyd	49.0	1968.0
Elton John	79.0	1971.0
The Doors	74.0	1971.0
Don McLean	73.0	1971.0
David Bowie	66.0	1971.0
The Hollies	63.0	1971.0
Jethro Tull	62.5	1971.0
Led Zeppelin	60.18181818181818	1971.0
Ten Years After	60.0	1971.0
Alice Cooper	55.0	1971.0
John Lennon	52.75	1971.0
Carly Simon	75.0	1972.0
Eagles	75.0	1972.0
The Doobie Brothers	75.0	1972.0
Looking Glass	72.0	1972.0
Steely Dan	70.0	1972.0
Deep Purple	69.33333333333333	1972.0
Elton John	69.0	1972.0
Jackson Browne	66.0	1972.0
Alice Cooper	65.0	1972.0
Bill Withers	63.0	1972.0
The Turtles	74.0	1967.0
Jefferson Airplane	69.0	1967.0
The Moody Blues	67.0	1967.0
The Beatles	66.0	1967.0
The Kinks	66.0	1967.0
Jimi Hendrix	65.8	1967.0
Bobbie Gentry	54.0	1967.0
Van Morrison	53.333333333333336	1967.0
The Doors	53.25	1967.0
Buffalo Springfield	43.0	1967.0
Buffalo Springfield	73.0	1966.0
The Beach Boys	71.0	1966.0
Bob Dylan	61.0	1966.0
The Animals	60.0	1966.0
Donovan	59.0	1966.0
The Who	56.0	1966.0
The Rolling Stones	38.666666666666664	1966.0
John Lee Hooker	2.0	1966.0
The Rolling Stones	76.0	1965.0
The Beatles	73.0	1965.0
Bob Dylan	71.0	1965.0
The Byrds	42.0	1965.0
The Kinks	36.0	1965.0
The Who	21.0	1965.0
Simon & Garfunkel	74.0	1964.0
The Beatles	65.0	1964.0
The Kinks	33.833333333333336	1964.0
The Beatles	71.0	1963.0
Bob Dylan	59.0	1963.0
The Surfaris	15.0	1963.0
Charles Brown	0.0	1963.0
Booker T. & the M.G.'s	64.0	1962.0
Little Richard	1.0	1957.0
Elvis Presley	73.0	1958.0
Maroon 5	98.0	2019.0
Roddy Ricch	98.0	2019.0
The Weeknd	98.0	2019.0
Dua Lipa	97.0	2019.0
The Black Eyed Peas	96.0	2019.0
Post Malone	94.0	2019.0
Regard	94.0	2019.0
Don Toliver	92.0	2019.0
Travis Scott	91.5	2019.0
Billie Eilish	91.0	2019.0
Trevor Daniel	97.0	2018.0
Marshmello	89.0	2018.0
Halsey	88.0	2018.0
Ava Max	87.0	2018.0
Travis Scott	87.0	2018.0
Dominic Fike	86.0	2018.0
Panic! At The Disco	86.0	2018.0
Pedro Capó	86.0	2018.0
Doja Cat	85.0	2018.0
Kina	85.0	2018.0
NF	83.0	2017.0
Bebe Rexha	81.0	2017.0
Offset	81.0	2017.0
Dennis Lloyd	79.0	2017.0
Loud Luxury	79.0	2017.0
Zedd	79.0	2017.0
Ms Nina	78.0	2017.0
Enrique Iglesias	74.0	2017.0
Danny Ocean	73.5	2017.0
Brett Young	73.0	2017.0
DNCE	80.0	2016.0
Lukas Graham	79.0	2016.0
Ariana Grande	77.0	2016.0
Calvin Harris	77.0	2016.0
Clean Bandit	77.0	2016.0
Lil Wayne	77.0	2016.0
The Chainsmokers	75.8	2016.0
Anuel AA	74.0	2016.0
Justin Timberlake	74.0	2016.0
Jósean Log	74.0	2016.0
MAGIC!	78.0	2014.0
American Authors	76.0	2014.0
OneRepublic	74.0	2014.0
Ed Sheeran	72.0	2014.0
John Mayer	72.0	2014.0
Sam Hunt	71.0	2014.0
Lee Brice	69.0	2014.0
Romeo Santos	69.0	2014.0
Chayanne	66.5	2014.0
Taylor Swift	66.5	2014.0
Bruno Mars	78.66666666666667	2012.0
Flo Rida	73.0	2012.0
Katy Perry	73.0	2012.0
Calvin Harris	72.0	2012.0
fun.	71.5	2012.0
Florida Georgia Line	70.0	2012.0
Imagine Dragons	70.0	2012.0
The Lumineers	70.0	2012.0
Reik	68.0	2012.0
Romeo Santos	68.0	2012.0
Alan Walker	77.0	2015.0
Chris Stapleton	77.0	2015.0
X Ambassadors	77.0	2015.0
Demi Lovato	74.0	2015.0
Fall Out Boy	73.66666666666667	2015.0
Elle King	73.0	2015.0
The Chainsmokers	73.0	2015.0
The Weeknd	72.5	2015.0
Maroon 5	71.66666666666667	2015.0
Jesse & Joy	71.0	2015.0
Avicii	84.0	2013.0
Marc Anthony	75.0	2013.0
Eminem	74.0	2013.0
DJ Snake	72.0	2013.0
Bastille	71.0	2013.0
John Legend	71.0	2013.0
Prince Royce	70.0	2013.0
Ed Sheeran	67.0	2013.0
Icona Pop	67.0	2013.0
Jason Derulo	67.0	2013.0
Adele	79.0	2011.0
Christina Perri	79.0	2011.0
Selena Gomez & The Scene	75.0	2011.0
Ricardo Arjona	74.0	2011.0
Kelly Clarkson	73.0	2011.0
Luke Bryan	72.0	2011.0
Jesse & Joy	70.0	2011.0
Hunter Hayes	69.0	2011.0
Gym Class Heroes	68.5	2011.0
LMFAO	67.0	2011.0
Eminem	82.0	2010.0
Train	82.0	2010.0
Usher	78.0	2010.0
B.o.B	75.0	2010.0
Bruno Mars	74.83333333333333	2010.0
Camila	71.0	2010.0
Shakira	71.0	2010.0
Taio Cruz	71.0	2010.0
Jason Derulo	70.0	2010.0
Willie Colón	69.0	2010.0
Jason Mraz	82.0	2008.0
Rihanna	76.0	2008.0
Zac Brown Band	75.0	2008.0
John Mayer	74.0	2008.0
Beyoncé	69.0	2008.0
Lady Gaga	68.0	2008.0
Luis Fonsi	68.0	2008.0
Elvis Crespo	67.0	2008.0
Angel Y Khriz	65.0	2008.0
Puerto Rican Power	64.0	2008.0
Justin Bieber	95.0	2020.0
Future	93.0	2020.0
Selena Gomez	88.0	2020.0
Mac Miller	87.0	2020.0
Halsey	86.0	2020.0
Khalid	83.0	2020.0
J Balvin	82.0	2020.0
Nicky Jam	82.0	2020.0
Myke Towers	79.0	2020.0
Shakira	79.0	2020.0
Joe Arroyo	68.0	2007.0
Magneto	67.0	2007.0
Reik	66.5	2007.0
Monchy & Alexandra	65.0	2007.0
Sin Bandera	65.0	2007.0
Jack Johnson	63.0	2007.0
Alexis y Fido	62.5	2007.0
Cupid	60.0	2007.0
Lloyd	60.0	2007.0
"Tito ""El Bambino"""	60.0	2007.0
Ricky Martin	68.0	1998.0
Shakira	67.33333333333333	1998.0
Manu Chao	66.0	1998.0
Rafaga	62.0	1998.0
Proyecto Uno	58.0	1998.0
Gian Marco	56.0	1998.0
Elvis Crespo	49.0	1998.0
T-Dre	47.5	1998.0
Gloria Estefan	45.0	1998.0
Plastilina Mosh	43.0	1998.0
Oscar D'León	64.0	1996.0
Gloria Estefan	45.0	1996.0
Mr. President	18.0	1996.0
Lil' Johanna	15.0	1996.0
Angelique	10.0	1996.0
KISS	0.0	1996.0
Miguel Reyes	0.0	1996.0
Pain	0.0	1996.0
Pure Pleasure	0.0	1996.0
Samantha	0.0	1996.0
Destiny's Child	76.0	1999.0
Lou Bega	76.0	1999.0
Dr. Dre	73.0	1999.0
The Roots	65.0	1999.0
Miguel Bosé	55.0	1999.0
Makiza	54.0	1999.0
Maná	53.0	1999.0
El Chombo	51.0	1999.0
Cypress Hill	40.333333333333336	1999.0
The Psycho Realm	20.0	1999.0
Lady Gaga	78.0	2009.0
Owl City	78.0	2009.0
Carlos Baute	74.0	2009.0
Luis Enrique	74.0	2009.0
Iyaz	73.0	2009.0
Miley Cyrus	73.0	2009.0
OneRepublic	73.0	2009.0
Aventura	71.0	2009.0
Foo Fighters	69.0	2009.0
La Factoria	69.0	2009.0
Luis Miguel	68.0	1993.0
Alejandra Guzman	61.0	1993.0
Los Del Rio	58.0	1993.0
Gloria Estefan	48.0	1993.0
Cypress Hill	45.0	1993.0
N.V.	36.0	1993.0
Coolio	80.0	1995.0
Shakira	63.0	1995.0
Carlos Vives	59.0	1995.0
Thalía	58.0	1995.0
Rednex	57.0	1995.0
Gloria Estefan	44.0	1995.0
Fey	43.0	1995.0
ITA - CACHAO	37.0	1995.0
Spanish Fly	30.0	1995.0
Sf Spanish Fly	26.0	1995.0
Alejandra Guzman	66.0	1991.0
El General	60.0	1991.0
Stevie B	43.0	1991.0
Cypress Hill	33.0	1991.0
Gloria Estefan	33.0	1991.0
Lisette Melendez	24.0	1991.0
Lighter Shade Of Brown	6.0	1991.0
Latin Alliance	4.0	1991.0
Puerto Rican Power	65.0	2000.0
Polo Montañez	61.0	2000.0
Thalía	54.0	2000.0
Shakira	53.0	2000.0
Shannon	48.5	2000.0
Los Rabanes	45.0	2000.0
Gloria Estefan	40.0	2000.0
D'zyre	18.0	2000.0
Lisette Melendez	0.0	2000.0
Rafaga	0.0	2000.0
Gloria Estefan	36.333333333333336	1994.0
TPE featuring Adam Marano	16.0	1994.0
Da A Clan	0.0	1994.0
Giorgio Moroder	0.0	1994.0
N.V.	0.0	1994.0
Jon Secada	62.0	1992.0
Maná	60.0	1992.0
Chayanne	50.0	1992.0
Green Day	75.0	1997.0
Alejandro Sanz	74.0	1997.0
Maná	72.0	1997.0
Grupo Cañaveral De Humberto Pabón	69.0	1997.0
George Strait	62.0	1997.0
Control Machete	60.0	1997.0
Proyecto Uno	57.0	1997.0
Ilegales	54.0	1997.0
Fulanito	53.0	1997.0
Trinere	31.5	1997.0
Bacilos	68.0	2001.0
Jorge Drexler	65.0	2001.0
La Ley	65.0	2001.0
Nicky Jam	65.0	2001.0
Laura Pausini	62.5	2001.0
Los Del Rio	62.0	2001.0
El Gran Combo De Puerto Rico	59.0	2001.0
Carlos Vives	57.0	2001.0
Dyablo	48.0	2001.0
Guaraná	45.0	2001.0
Rascal Flatts	72.0	2006.0
Big Boy	71.0	2006.0
Maná	69.0	2006.0
De La Ghetto	66.0	2006.0
Marc Anthony	66.0	2006.0
La Quinta Estacion	62.0	2006.0
Monchy & Alexandra	62.0	2006.0
Frank Reyes	61.0	2006.0
Jesse & Joy	61.0	2006.0
"Héctor ""El Father"""	60.666666666666664	2006.0
Aventura	73.0	2002.0
Juanes	69.5	2002.0
Bacilos	69.0	2002.0
Cristian Castro	65.0	2002.0
Natalia Lafourcade	63.0	2002.0
Elefante	60.0	2002.0
Sean Paul	52.666666666666664	2002.0
Lighter Shade Of Brown	50.0	2002.0
Hector & Tito	49.0	2002.0
Chayanne	48.0	2002.0
OutKast	78.0	2003.0
Beyoncé	75.0	2003.0
Howie Day	69.0	2003.0
Julieta Venegas	67.5	2003.0
Tego Calderon	63.6	2003.0
Wisin & Yandel	58.0	2003.0
Celia Cruz	57.0	2003.0
Daddy Yankee	57.0	2003.0
50 Cent	56.0	2003.0
Luny Tunes	55.4	2003.0
Shakira	80.0	2005.0
Calle 13	73.0	2005.0
Jack Johnson	73.0	2005.0
Aventura	71.33333333333333	2005.0
Mach & Daddy	67.0	2005.0
Carlos Baute	60.0	2005.0
Kinto Sol	60.0	2005.0
Akwid	58.0	2005.0
Eddie Dee	55.666666666666664	2005.0
Daniel Powter	55.0	2005.0
Juan Gabriel	72.0	1990.0
Maná	68.0	1990.0
Jerry Rivera	65.0	1990.0
Guayacán Orquesta	59.5	1990.0
Chayanne	56.0	1990.0
Alejandra Guzman	48.0	1990.0
Marcia Griffiths	42.0	1990.0
Gloria Estefan	41.4	1990.0
Kid Frost	35.5	1990.0
Timmy T	15.0	1990.0
Kelly Clarkson	68.0	2004.0
Kevin Lyttle	65.0	2004.0
Marc Anthony	64.5	2004.0
Zion & Lennox	62.666666666666664	2004.0
Bebe	59.0	2004.0
Alejandro Sanz	58.0	2004.0
Nek	58.0	2004.0
DJ Nelson	56.0	2004.0
Wisin	56.0	2004.0
Baby Rasta & Gringo	54.0	2004.0
Luis Miguel	69.66666666666667	1988.0
Taylor Dayne	65.0	1988.0
When In Rome	63.0	1988.0
Rob Base & DJ EZ Rock	54.0	1988.0
Pretty Poison	46.0	1988.0
Noel	43.0	1988.0
Will To Power	39.5	1988.0
Sweet Sensation	32.0	1988.0
Camouflage	27.0	1988.0
Bardeux	15.0	1988.0
Gloria Estefan	36.5	1984.0
Michael Jackson	71.0	1982.0
George Strait	66.0	1982.0
El Gran Combo De Puerto Rico	55.0	1982.0
The Flirts	48.0	1982.0
Sister Sledge	71.0	1979.0
El Gran Combo De Puerto Rico	55.0	1979.0
The Sugarhill Gang	42.0	1981.0
ABBA	72.0	1976.0
Luis Miguel	77.0	1987.0
Nice & Wild	45.0	1987.0
Exposé	40.333333333333336	1987.0
Gloria Estefan	24.0	1987.0
Neil Diamond	20.0	1987.0
TKA	0.0	1987.0
Stacey Q	54.0	1986.0
Nu Shooz	38.0	1986.0
Nancy Martinez	30.0	1986.0
People Like Us	26.0	1986.0
Bon Jovi	24.0	1986.0
Man Parrish	33.0	1983.0
Jenny Burton	19.0	1983.0
Gloria Estefan	39.666666666666664	1985.0
Lisa Lisa & Cult Jam	31.666666666666668	1985.0
The B-52's	69.0	1989.0
Ricardo Arjona	68.0	1989.0
Gloria Estefan	43.6	1989.0
Mellow Man Ace	42.0	1989.0
STOP	41.0	1989.0
Seduction	30.0	1989.0
Dino	28.0	1989.0
The Temptations	26.0	1965.0
KAROL G	98.0	2019.0
Maroon 5	98.0	2019.0
The Black Eyed Peas	96.0	2019.0
The Weeknd	95.5	2019.0
Regard	94.0	2019.0
blackbear	94.0	2019.0
Anuel AA	93.0	2019.0
Don Toliver	92.0	2019.0
Juice WRLD	92.0	2019.0
Rauw Alejandro	92.0	2019.0
Trevor Daniel	97.0	2018.0
Halsey	88.0	2018.0
Lady Gaga	88.0	2018.0
Ava Max	87.0	2018.0
XXXTENTACION	86.5	2018.0
Dominic Fike	86.0	2018.0
Marshmello	86.0	2018.0
Kina	85.5	2018.0
Calvin Harris	85.0	2018.0
Meek Mill	85.0	2018.0
XXXTENTACION	86.0	2017.0
Lauv	83.0	2017.0
ZAYN	81.0	2017.0
21 Savage	80.0	2017.0
Harry Styles	80.0	2017.0
Kendrick Lamar	80.0	2017.0
Rex Orange County	79.66666666666667	2017.0
Ed Sheeran	79.33333333333333	2017.0
Zedd	79.0	2017.0
Hailee Steinfeld	78.5	2017.0
The Chainsmokers	85.0	2016.0
Post Malone	84.0	2016.0
Lizzo	83.0	2016.0
Bruno Mars	82.0	2016.0
EDEN	76.0	2016.0
James Arthur	73.66666666666667	2016.0
Kanye West	73.5	2016.0
The 1975	73.0	2016.0
Sleeping At Last	72.0	2016.0
The Weeknd	72.0	2016.0
Labrinth	79.0	2014.0
A Great Big World	78.0	2014.0
Birdy	75.0	2014.0
G-Eazy	74.0	2014.0
J. Cole	71.5	2014.0
Beyoncé	71.0	2014.0
Omarion	70.0	2014.0
Taylor Swift	68.0	2014.0
ODESZA	67.0	2014.0
Tinashe	67.0	2014.0
Tame Impala	75.0	2012.0
Michael Schulte	71.0	2012.0
Labrinth	69.0	2012.0
Emeli Sandé	68.0	2012.0
Frank Ocean	65.18181818181819	2012.0
The Civil Wars	64.0	2012.0
John Legend	63.0	2012.0
Mac DeMarco	63.0	2012.0
Rihanna	62.0	2012.0
The Weeknd	60.1	2012.0
WILLOW	78.0	2015.0
Bryson Tiller	77.0	2015.0
Justin Bieber	77.0	2015.0
Mac Miller	77.0	2015.0
Petit Biscuit	77.0	2015.0
Ruth B.	76.0	2015.0
Tame Impala	75.0	2015.0
Demi Lovato	74.0	2015.0
Fall Out Boy	73.0	2015.0
Mike Stud	73.0	2015.0
John Legend	85.0	2013.0
Lorde	78.0	2013.0
Robin Thicke	76.0	2013.0
Lana Del Rey	73.0	2013.0
Unknown Mortal Orchestra	68.0	2013.0
Earl Sweatshirt	67.0	2013.0
Sevyn Streeter	66.0	2013.0
Blood Orange	63.0	2013.0
Vampire Weekend	62.0	2013.0
CHVRCHES	61.0	2013.0
M83	71.0	2011.0
Bon Iver	70.0	2011.0
Frank Ocean	68.0	2011.0
Drake	66.25	2011.0
Tyler, The Creator	64.0	2011.0
Lykke Li	62.0	2011.0
Adele	61.0	2011.0
Hugo	61.0	2011.0
Amy Winehouse	60.0	2011.0
Kelly Rowland	60.0	2011.0
Bruno Mars	80.0	2010.0
Kanye West	75.0	2010.0
Ludacris	65.0	2010.0
Arcade Fire	63.0	2010.0
Robyn	61.0	2010.0
Nicolas Jaar	59.0	2010.0
Rihanna	59.0	2010.0
Ariel Pink	57.0	2010.0
Deerhunter	56.0	2010.0
Sleigh Bells	56.0	2010.0
T.I.	74.0	2008.0
Lil Wayne	73.0	2008.0
Beyoncé	72.5	2008.0
James Morrison	70.0	2008.0
Ice Cube	60.0	2008.0
Atmosphere	56.0	2008.0
DAY26	54.0	2008.0
Town Mountain	52.0	2008.0
Maxi Priest	48.0	2008.0
Luther Ingram	47.0	2008.0
Justin Bieber	95.0	2020.0
Future	93.0	2020.0
Mac Miller	87.0	2020.0
Khalid	83.0	2020.0
J Balvin	82.0	2020.0
Nicky Jam	82.0	2020.0
Selena Gomez	81.0	2020.0
Lil Tjay	79.0	2020.0
Shakira	79.0	2020.0
Halsey	78.0	2020.0
Colbie Caillat	71.0	2007.0
Mario	69.0	2007.0
J. Holiday	67.0	2007.0
Amy Winehouse	65.0	2007.0
Trey Songz	62.0	2007.0
R. Kelly	60.0	2007.0
Alicia Keys	57.0	2007.0
Marvin Sapp	55.0	2007.0
T-Pain	54.0	2007.0
Flying Lotus	51.0	2007.0
Whitney Houston	67.0	1998.0
Faith Evans	63.0	1998.0
Brandy	61.6	1998.0
OutKast	60.0	1998.0
Tyrese	55.333333333333336	1998.0
TQ	53.0	1998.0
Xscape	51.0	1998.0
112	46.0	1998.0
Monifah	46.0	1998.0
Club Nouveau	45.0	1998.0
Fugees	74.0	1996.0
Mark Morrison	72.0	1996.0
2Pac	62.0	1996.0
Total	61.0	1996.0
112	60.0	1996.0
Neneh Cherry	58.0	1996.0
Blackstreet	57.0	1996.0
Chaka Khan	55.0	1996.0
The Tony Rich Project	53.0	1996.0
Mint Condition	51.0	1996.0
TLC	79.0	1999.0
Destiny's Child	72.25	1999.0
Brian McKnight	71.0	1999.0
Macy Gray	71.0	1999.0
Santana	66.0	1999.0
Aaliyah	59.0	1999.0
Q-Tip	59.0	1999.0
Donell Jones	57.333333333333336	1999.0
Case	57.0	1999.0
Mos Def	55.0	1999.0
Mariah Carey	67.0	2009.0
Keri Hilson	65.0	2009.0
Bahamas	63.0	2009.0
Norah Jones	59.0	2009.0
The Jackson 5	57.0	2009.0
Noisettes	56.0	2009.0
Mumford & Sons	54.0	2009.0
Mayer Hawthorne	51.0	2009.0
Lee Fields & The Expressions	50.0	2009.0
Maxwell	49.0	2009.0
Snoop Dogg	71.0	1993.0
Tina Turner	66.0	1993.0
Wu-Tang Clan	66.0	1993.0
Brownstone	62.0	1993.0
Mariah Carey	57.0	1993.0
Minnie Riperton	57.0	1993.0
Janet Jackson	53.75	1993.0
Mint Condition	53.0	1993.0
Xscape	51.0	1993.0
Boyz II Men	50.5	1993.0
Mariah Carey	70.66666666666667	1995.0
Stephanie Mills	62.0	1995.0
Smif-N-Wessun	58.0	1995.0
Adina Howard	56.0	1995.0
Soul For Real	55.5	1995.0
Xscape	55.0	1995.0
Groove Theory	54.0	1995.0
Brandy	51.0	1995.0
Michael Jackson	51.0	1995.0
Monica	46.5	1995.0
Shanice	59.0	1991.0
Marky Mark And The Funky Bunch	57.0	1991.0
Mint Condition	57.0	1991.0
Christopher Williams	55.0	1991.0
James Brown	53.333333333333336	1991.0
Mariah Carey	48.0	1991.0
Keith Washington	45.0	1991.0
New Edition	44.0	1991.0
Guy	35.0	1991.0
Troop	34.0	1991.0
OutKast	77.0	2000.0
Toni Braxton	65.0	2000.0
Joe	61.0	2000.0
Beenie Man	53.0	2000.0
Mýa	53.0	2000.0
Aaron Neville	52.0	2000.0
Celia Cruz	51.0	2000.0
Snoop Dogg	51.0	2000.0
Carl Thomas	50.57142857142857	2000.0
Bow Wow	47.0	2000.0
Mariah Carey	90.0	1994.0
Sade	66.0	1994.0
Boyz II Men	63.0	1994.0
TLC	62.4	1994.0
Nas	60.0	1994.0
King Floyd	59.0	1994.0
Common	56.0	1994.0
Da Brat	54.0	1994.0
Warren G	51.0	1994.0
Brandy	44.666666666666664	1994.0
Ice Cube	74.0	1992.0
Kris Kross	66.0	1992.0
Pete Rock & C.L. Smooth	60.0	1992.0
En Vogue	53.666666666666664	1992.0
Jade	50.0	1992.0
Charles Brown	46.0	1992.0
SWV	45.75	1992.0
Silk	42.5	1992.0
Shai	39.25	1992.0
Babyface	39.0	1992.0
The Notorious B.I.G.	72.0	1997.0
K-Ci & JoJo	70.0	1997.0
Will Smith	70.0	1997.0
Buena Vista Social Club	67.0	1997.0
Usher	64.33333333333333	1997.0
Wu-Tang Clan	63.0	1997.0
Common	60.0	1997.0
En Vogue	60.0	1997.0
Jon B.	60.0	1997.0
Janet Jackson	59.0	1997.0
Fat Joe	72.0	2001.0
Mary J. Blige	70.0	2001.0
Missy Elliott	70.0	2001.0
Jagged Edge	67.0	2001.0
Eve	66.5	2001.0
Craig David	62.5	2001.0
Blu Cantrell	60.0	2001.0
Celia Cruz	55.0	2001.0
Tevin Campbell	53.0	2001.0
Usher	52.666666666666664	2001.0
John Mayer	74.0	2006.0
Cassie	72.0	2006.0
Akon	70.0	2006.0
Fantasia	68.0	2006.0
Bow Wow	63.0	2006.0
Omarion	63.0	2006.0
Corinne Bailey Rae	62.0	2006.0
Cat Power	60.0	2006.0
Damien Rice	60.0	2006.0
Estrella Morente	51.0	2006.0
Missy Elliott	70.0	2002.0
Ashanti	66.0	2002.0
Nivea	64.0	2002.0
Mario	62.0	2002.0
Busta Rhymes	61.0	2002.0
Cam’ron	61.0	2002.0
Tweet	60.0	2002.0
Tyrese	60.0	2002.0
Sean Paul	59.5	2002.0
Brandy	57.0	2002.0
50 Cent	71.33333333333333	2003.0
Alicia Keys	69.5	2003.0
John Mayer	68.0	2003.0
Monica	67.0	2003.0
Beyoncé	66.0	2003.0
Damien Rice	63.5	2003.0
Chingy	62.666666666666664	2003.0
Fabolous	62.0	2003.0
Juvenile	62.0	2003.0
Ginuwine	61.0	2003.0
Michael Bublé	70.0	2005.0
Keyshia Cole	68.0	2005.0
Bobby V.	67.0	2005.0
T-Pain	67.0	2005.0
Pretty Ricky	66.0	2005.0
The Pussycat Dolls	66.0	2005.0
Diddy	64.0	2005.0
Amerie	59.0	2005.0
112	57.0	2005.0
Amos Lee	53.0	2005.0
Donny Hathaway	75.0	1990.0
MC Hammer	71.0	1990.0
New Kids On The Block	61.0	1990.0
En Vogue	58.0	1990.0
Tony! Toni! Toné!	58.0	1990.0
Rob Base & DJ EZ Rock	56.0	1990.0
Black Box	52.0	1990.0
Whitney Houston	49.5	1990.0
Tony Terry	49.0	1990.0
Tracie Spencer	47.0	1990.0
Mario	72.66666666666667	2004.0
Ciara	71.0	2004.0
Gwen Stefani	69.0	2004.0
Diddy	68.33333333333333	2004.0
B2K	65.0	2004.0
Ray LaMontagne	65.0	2004.0
Destiny's Child	62.0	2004.0
MF DOOM	60.0	2004.0
Wu-Tang Clan	60.0	2004.0
Nelly	59.0	2004.0
Sade	56.0	1988.0
New Kids On The Block	54.0	1988.0
Surface	50.0	1988.0
Paula Abdul	48.0	1988.0
Karyn White	45.0	1988.0
New Edition	43.2	1988.0
Al B. Sure!	41.8	1988.0
Guy	37.0	1988.0
Kid 'N Play	36.5	1988.0
The Boys	35.0	1988.0
Sade	61.0	1984.0
Prince	60.0	1984.0
Minutemen	53.0	1984.0
Kiyotaka Sugiyama	40.0	1984.0
John Hartford	29.0	1984.0
オメガトライブ	29.0	1984.0
Prince	58.5	1982.0
Jeffrey Osborne	57.0	1982.0
The Gap Band	56.0	1982.0
George Clinton	51.0	1982.0
Kool & The Gang	58.5	1973.0
Tower Of Power	52.0	1973.0
Earth, Wind & Fire	46.0	1973.0
Stevie Wonder	4.0	1973.0
Electric Light Orchestra	70.0	1979.0
Johnny Kemp	48.0	1979.0
Kimiko Kasai	28.5	1979.0
The Whispers	25.0	1979.0
Commodores	64.0	1977.0
Iggy Pop	37.0	1977.0
Parliament	12.0	1977.0
Rush	73.0	1981.0
Rick James	64.0	1981.0
Akira Terao	32.0	1981.0
Dolly Parton	74.0	1974.0
Johnny Pacheco	60.0	1974.0
"Bobby ""Blue"" Bland"	58.0	1974.0
The Meters	56.0	1974.0
Average White Band	53.0	1974.0
Ann Peebles	41.0	1974.0
Funkadelic	38.0	1974.0
Billy Preston	2.0	1974.0
Ohio Players	1.0	1974.0
Rufus & Chaka Khan	0.0	1974.0
Joni Mitchell	69.0	1970.0
Van Morrison	69.0	1970.0
The Velvet Underground	61.0	1970.0
Charles Wright & The Watts 103rd Street Rhythm Band	59.0	1970.0
The Delfonics	59.0	1970.0
Sly & The Family Stone	54.0	1970.0
Buddy Miles	0.0	1970.0
Boston	78.0	1976.0
Tom Petty and the Heartbreakers	73.0	1976.0
Wild Cherry	67.0	1976.0
Boney M.	64.0	1976.0
Dorothy Moore	51.0	1976.0
Rose Royce	50.0	1976.0
The Brothers Johnson	49.0	1976.0
The Spinners	47.0	1976.0
Captain & Tennille	0.0	1976.0
Whitney Houston	62.0	1987.0
Atlantic Starr	59.0	1987.0
Alexander O'Neal	53.0	1987.0
The Whispers	53.0	1987.0
Prince	50.333333333333336	1987.0
The Deele	49.0	1987.0
The Five Satins	48.0	1987.0
Michael Jackson	46.5	1987.0
Keith Sweat	42.5	1987.0
Pebbles	40.0	1987.0
Frankie Valli	63.0	1978.0
Village People	61.0	1978.0
The Jacksons	59.5	1978.0
Peaches & Herb	10.0	1978.0
Dusty Springfield	71.0	1969.0
Marlena Shaw	62.0	1969.0
The Isley Brothers	59.0	1969.0
The Meters	57.0	1969.0
Chuck Berry	79.0	1986.0
Anita Baker	61.0	1986.0
Patti LaBelle	51.0	1986.0
Shirley Murdock	45.0	1986.0
El DeBarge	42.0	1986.0
Miki Howard	40.0	1986.0
Howard Hewett	39.0	1986.0
1986 Omega Tribe	37.0	1986.0
Janet Jackson	26.0	1986.0
Jeff Lorber	22.0	1986.0
Daryl Hall & John Oates	77.0	1980.0
Diana Ross	65.5	1980.0
The S.O.S Band	58.0	1980.0
The High School of Music & Art	0.0	1980.0
David Bowie	65.0	1983.0
オメガトライブ	38.5	1983.0
Tomoko Aran	32.5	1983.0
DeBarge	64.0	1985.0
Whitney Houston	60.666666666666664	1985.0
Freddie Jackson	53.0	1985.0
Force M.D.'s	52.0	1985.0
Ready For The World	51.0	1985.0
オメガトライブ	38.333333333333336	1985.0
Sade	36.0	1985.0
Masayoshi Takanaka	24.0	1985.0
Soul II Soul	59.0	1989.0
Michel'le	50.0	1989.0
Jane Child	49.0	1989.0
After 7	45.5	1989.0
Full Force	40.0	1989.0
Janet Jackson	39.916666666666664	1989.0
Babyface	39.5	1989.0
Bobby Brown	39.0	1989.0
Troop	35.5	1989.0
Big Daddy Kane	33.0	1989.0
Frankie Valli & The Four Seasons	70.0	1975.0
Earth, Wind & Fire	61.0	1975.0
Parliament	61.0	1975.0
Elvin Bishop	60.0	1975.0
War	59.0	1975.0
Labi Siffre	53.0	1975.0
Janis Ian	5.0	1975.0
Ohio Players	4.0	1975.0
The Foundations	72.0	1968.0
Clarence Carter	48.0	1968.0
Bill Withers	76.0	1971.0
Baby Huey & The Baby Sitters	50.0	1971.0
Harry Nilsson	13.0	1971.0
The Rolling Stones	60.0	1972.0
Betty Wright	58.0	1972.0
Curtis Mayfield	54.5	1972.0
T. Rex	36.0	1972.0
Jackie Wilson	67.0	1967.0
Frankie Valli	65.0	1967.0
Stevie Wonder	59.0	1967.0
Aretha Franklin	54.0	1967.0
Della Humphrey	24.0	1967.0
Percy Sledge	66.0	1966.0
Wilson Pickett	61.0	1966.0
The Supremes	13.0	1966.0
Bob Dylan	71.0	1965.0
Beny Moré	40.0	1965.0
The Impressions	11.0	1965.0
Aretha Franklin	45.0	1964.0
Darlene Love	73.0	1963.0
Booker T. & the M.G.'s	64.0	1962.0
Ray Charles	59.0	1957.0
Chavela Vargas	47.0	1961.0
Etta James	20.0	1960.0
Sam Cooke	13.0	1960.0
Ella Fitzgerald	11.0	1960.0
KAROL G	98.0	2019.0
Billie Eilish	96.0	2019.0
The Weeknd	95.5	2019.0
blackbear	94.0	2019.0
Anuel AA	93.0	2019.0
Bad Bunny	93.0	2019.0
DaBaby	93.0	2019.0
Selena Gomez	93.0	2019.0
Don Toliver	92.0	2019.0
Juice WRLD	92.0	2019.0
Trevor Daniel	97.0	2018.0
Juice WRLD	92.0	2018.0
Drake	86.0	2018.0
Pedro Capó	86.0	2018.0
Anne-Marie	83.0	2018.0
Dayvi	83.0	2018.0
Zedd	82.0	2018.0
Mark Ronson	79.0	2018.0
benny blanco	79.0	2018.0
Alan Walker	78.0	2018.0
Lauv	83.0	2017.0
Shawn Mendes	82.5	2017.0
Selena Gomez	77.5	2017.0
Hailee Steinfeld	76.0	2017.0
Justin Bieber	76.0	2017.0
Little Mix	72.0	2017.0
Meghan Trainor	72.0	2017.0
Axwell /\ Ingrosso	71.0	2017.0
Calvin Harris	70.0	2017.0
Lady Gaga	70.0	2017.0
Twenty One Pilots	81.0	2016.0
Lukas Graham	79.0	2016.0
Kungs	78.0	2016.0
Clean Bandit	77.0	2016.0
Bruno Mars	76.0	2016.0
Drake	76.0	2016.0
Coldplay	71.0	2016.0
DNCE	70.0	2016.0
Fifth Harmony	70.0	2016.0
James Arthur	69.5	2016.0
Aaron Smith	84.0	2014.0
Ed Sheeran	83.5	2014.0
Alex & Sierra	79.0	2014.0
George Ezra	76.0	2014.0
Hozier	76.0	2014.0
Sia	75.5	2014.0
Ariana Grande	74.0	2014.0
Taylor Swift	69.33333333333333	2014.0
Nicky Jam	68.0	2014.0
Tove Lo	67.0	2014.0
Imagine Dragons	78.0	2012.0
Carly Rae Jepsen	76.0	2012.0
Pitbull	76.0	2012.0
Macklemore & Ryan Lewis	75.5	2012.0
Alicia Keys	75.0	2012.0
fun.	75.0	2012.0
Nicki Minaj	73.0	2012.0
Justin Bieber	72.0	2012.0
Swedish House Mafia	70.83333333333333	2012.0
Flo Rida	69.66666666666667	2012.0
Twenty One Pilots	82.0	2015.0
Justin Bieber	80.66666666666667	2015.0
Little Mix	77.0	2015.0
Joel Adams	76.0	2015.0
OMI	76.0	2015.0
Fifth Harmony	74.0	2015.0
Adele	71.0	2015.0
Charlie Puth	70.0	2015.0
Meghan Trainor	69.0	2015.0
Alessia Cara	68.5	2015.0
John Legend	85.0	2013.0
Justin Timberlake	77.0	2013.0
Miley Cyrus	76.0	2013.0
Katy Perry	75.33333333333333	2013.0
Kanye West	75.0	2013.0
DJ Snake	72.0	2013.0
Selena Gomez	69.0	2013.0
Fall Out Boy	68.0	2013.0
Jason Derulo	67.0	2013.0
Little Mix	67.0	2013.0
Gotye	77.0	2011.0
Eiffel 65	73.0	2011.0
Kelly Clarkson	73.0	2011.0
Lykke Li	72.0	2011.0
Pitbull	71.5	2011.0
Swedish House Mafia	67.0	2011.0
Demi Lovato	66.0	2011.0
Meek Mill	65.0	2011.0
Florence + The Machine	64.0	2011.0
Flo Rida	59.0	2011.0
Eminem	82.0	2010.0
Bruno Mars	75.0	2010.0
Taio Cruz	74.0	2010.0
Lady Antebellum	73.0	2010.0
Rihanna	72.0	2010.0
Usher	72.0	2010.0
B.o.B	68.0	2010.0
CeeLo Green	64.0	2010.0
DJ Khaled	62.0	2010.0
Swedish House Mafia	53.5	2010.0
Eric Prydz	65.0	2008.0
Rihanna	61.5	2008.0
Caravan Palace	51.0	2008.0
Mark Knight	51.0	2008.0
Chicane	44.0	2008.0
Lady Gaga	42.0	2008.0
Remady	41.0	2008.0
Katy Perry	37.0	2008.0
Big Ali	31.0	2008.0
David Guetta	24.0	2008.0
Justin Bieber	95.0	2020.0
Future	93.0	2020.0
Mac Miller	87.0	2020.0
Selena Gomez	84.0	2020.0
Khalid	83.0	2020.0
Shakira	79.0	2020.0
Halsey	78.0	2020.0
Robin Schulz	74.0	2020.0
Alicia Keys	73.0	2020.0
Sam Feldt	70.0	2020.0
Alicia Keys	79.0	2007.0
Leona Lewis	73.5	2007.0
Godsmack	52.0	2007.0
Kormac	39.0	2007.0
David Guetta	22.25	2007.0
Heiko & Maiko	21.0	2007.0
Erick Decks	18.0	2007.0
Avril Lavigne	11.0	2007.0
Klaas	8.0	2007.0
The Shapeshifters	6.0	2007.0
Soulsearcher	52.0	1998.0
LL Cool J	42.0	1996.0
Darude	57.0	1999.0
Mr. Scruff	47.5	1999.0
Paloma Faith	58.0	2009.0
Gramatik	55.0	2009.0
Medina	47.0	2009.0
[dunkelbunt]	47.0	2009.0
Nekta	44.0	2009.0
Benny Berigan	41.0	2009.0
The Black Eyed Peas	41.0	2009.0
Lady Gaga	38.333333333333336	2009.0
Mark Knight	35.0	2009.0
Timeless Legend	32.0	2009.0
Skip Mahoney	31.0	1993.0
general base	33.0	1995.0
Cuba Trinidad	15.0	1991.0
*NSYNC	71.0	2000.0
Cypress Hill	60.0	2000.0
Moodymann	48.0	2000.0
Barcode Brothers	46.0	2000.0
Gino Soccio	33.0	1994.0
Daft Punk	74.0	2001.0
Groove Armada	61.0	2001.0
The Ones	0.0	2001.0
Ne-Yo	77.0	2006.0
Fish Go Deep	49.0	2006.0
Akcent	40.0	2006.0
The Egg	39.0	2006.0
Chris Lake	33.0	2006.0
The Shapeshifters	29.0	2006.0
X Dream	12.0	2006.0
Mylo	7.0	2006.0
Klaas	5.0	2006.0
Bill Conti	4.0	2006.0
Eminem	83.0	2002.0
Gabin	48.0	2002.0
Oscar G & Ralph Falcon	34.0	2002.0
DJs@Work	25.0	2002.0
Linkin Park	69.0	2003.0
Daft Punk	52.0	2003.0
Eric Prydz	31.0	2003.0
David Guetta	0.0	2003.0
Salif Keita	0.0	2003.0
DR. KUCHO!	57.0	2005.0
Fort Minor	51.0	2005.0
The Pussycat Dolls	38.0	2005.0
Axwell	37.5	2005.0
Aston Martinez	5.0	2005.0
TEC	1.0	2005.0
Velvet	0.0	2005.0
Time Bandits	35.0	1990.0
Trick Daddy	65.0	2004.0
The Underdog Project	52.0	2004.0
David Guetta	24.0	2004.0
Gwen McCrae	56.0	1982.0
Imagination	31.0	1982.0
Gino Soccio	50.0	1979.0
Donna Summer	5.0	1979.0
Sylvester	0.0	1977.0
Luther Vandross	69.0	1981.0
Goody Goody	41.0	1978.0
Chain Reaction	29.0	1980.0
Aretha Franklin	2.0	1983.0
